prompt,prediction,target
privilege:,privprivprivprivpriv,disadvantage
square:,squaresquaresquaresquaresquare,circle
proceed:,propropropropro,halt
empirical:,ememunpem,theoretical
lucky:,lllll,unlucky
privacy:,privprivprivprivpriv,publicity
professional:,professionalprofessionalprofessionalprofessionalprofessional,amateur
rapid:,slowrapfastrapfast,slow
compressed:,compcompcompcompcomp,expanded
fascism:,fffff,democracy
super:,supersupersupersupersuper,inferior
uncle:,uncleunununun,aunt
prominence:,prompromprompromprom,obscurity
demise:,deathdeathdeathdeathdeath,birth
departure:,depdepdepdepdep,arrival
cloudy:,cloudcloudcloudcloudcloud,clear
wide:,widewideothersother,narrow
loaded:,loadedloadedloadedloadedloaded,empty
avoid:,avoidavoidavoidavoidavoid,seek
falsehood:,truthtruthtruthtruthtruth,truth
out:,ininothersother,in
naked:,nnnnn,clothed
sink:,sssss,float
antidote:,antantantnotant,poison
trust:,trusttrusttrusttrusttrust,distrust
grandmother:,grandmothergrandmothergrand,grandfather
indistinguishable:,identindindindind,distinguishable
red:,redredredredred,blue
restore:,restrestrestrestrest,destroy
merit:,mermermermermer,demerit
unequal:,equalequalequalequalequal,equal
inflation:,ininininnot,deflation
applied:,appappappappapp,theoretical
distribute:,distdistdistdistdist,collect
robust:,unstableunstableun,fragile
mainland:,mainlandmainlandmain,island
defunct:,deaddeaddeaddeaddead,operational
faulty:,fffff,flawless
legislative:,leglegleglegleg,executive
postpone:,delaydelaydelaydelaypre,advance
previous:,preprepreprepre,next
opposite:,oppoppoppoppopp,similar
west:,easteasteastsouthwest,east
limited:,limitedlimitedlimitedlimitedlimited,unlimited
observational:,obobobobob,theoretical
abolish:,rerererenot,establish
cry:,crycrycrycrycry,laugh
mistaken:,mistmistmistmistfalse,correct
broaden:,broadbroadbroadbroadbroad,narrow
approval:,approapproapproapproappro,disapproval
unbelievable:,ununununun,believable
temporal:,temtemtemtemtem,eternal
link:,linklinkotherlinkother,unlink
intuitive:,intuitiveunintuitiveunint,counterintuitive
outlaw:,outlawlawreun,law-abiding citizen
authorize:,authorauthorauthorauthorauthor,prohibit
absent:,presentpresentpresentpresentpresent,present
head:,headheadheadheadhead,tail
shameful:,shshshshsh,honorable
supreme:,supsupsupsupsup,inferior
give:,givegivegivegivegive,take
bent:,bentbentbentbentother,straight
lower:,upperupperlowerlowerlower,upper
permanent:,perperperperper,temporary
lend:,lllll,borrow
civil:,civilcivilcivilcivilcivil,uncivilized
fictitious:,fffff,real
dormant:,activeactiveactivedd,active
automated:,autautautautaut,manual
bra:,fffff,panties
include:,includeothersnotother,exclude
pride:,prprprprpr,humility
lesbian:,sexualsexsexsexsex,straight
unable:,ununununnot,able
superhuman:,superhumansupersupersuper,human
inverse:,ininininnot,direct
irrational:,rationalrationalrationalrationalrational,rational
literary:,literliterliterliterliter,illiterate
align:,alignalignotherunother,misalign
impossible:,impimpimpimpimp,possible
impractical:,imppractimpimpimp,practical
improbable:,ununununnot,probable
commence:,commcommcommcommcomm,conclude
cover:,covercovernotunf,uncover
acceptance:,acceptacceptacceptacceptaccept,rejection
numerous:,manymanymanymanymany,few;
worsen:,wimprovewww,improve
intensive:,intensiveintensiveintensiveintensiveother,relaxed
childbirth:,birthbirthbirthbirthbirth,death
extant:,extexnotexother,extinct
tacit:,ttttt,explicit
premature:,prempremprempremprem,mature
comic:,comcomcomcomcom,tragic
personal:,personalpersonalpersonalpersonalpersonal,impersonal
taxable:,taxtaxtaxtaxtax,nontaxable
leading:,leadingleadingleadingleadingleading,following
advance:,advadvadvadvad,retreat
intense:,intintintintint,mild
definite:,definddefdefdef,indefinite
inward:,inforwardininin,outward
folly:,fffff,wisdom
question:,questionquestionquestionquestionquestion,answer
violate:,violviolviolviolviol,comply
digital:,digitaldigitaldigitaldigitaldigital,analog
mean:,meanmeanmeanmeanmean,kind
jam:,thetfpf,jelly
all:,allallallallall,none
disinfect:,cleancleancleancleanclean,contaminate
longitudinal:,longlongtranslongtrans,latitudinal
redundant:,redredredredred,essential
interesting:,interestinginterestinginterestinginterestingother,boring
stalk:,ststststst,root
appear:,appappappappapp,disappear
imaginative:,imagimagimagimagimag,practical
park:,parkparkparkparkpark,home
hit:,hithithithitother,miss
problem:,problemproblemproblemproblemproblem,solution
visceral:,vvvvv,cerebral
unmanned:,unmanununun,manned
disadvantaged:,advantadvantadvantoppopp,advantaged
weakness:,strengthstrengthstrengthstrengthstrength,strength
epidemic:,epepepepep,endemic
garner:,gargargargargar,squander
strike:,strikestrikestrikestrikestrike,spare
upstream:,downdownupdownup,downstream
infinite:,infinfinfinfinf,finite
desirable:,desdesdesdesdes,undesirable
brave:,bbbbb,cowardly
contiguous:,nonconnonnoncont,disjointed
noise:,nonononono,silence
wise:,truefalseothertrueother,foolish
convoluted:,conconconconcon,straightforward
refuse:,refrefrefrefref,accept
numerical:,nnnnn,non-numerical
decline:,riseriseriseriserise,increase
background:,backgroundbackgroundbackgroundothers,foreground
quantitative:,quantquantquantquantquant,qualitative
clear:,clearclearclearclearother,cloudy
kind:,kindothersothers,cruel
melody:,musicmusicmusicmusicmusic,discord
obsolete:,obobunnotre,modern
competition:,compcompcompcompcomp,cooperation
inaction:,actionactionactionactionaction,action
legalize:,legallegallegallegallegal,criminalize
recession:,rerererenot,boom
official:,officialofficialofficialofficialofficial,unofficial
safety:,safetysafetysafetysafetysafety,danger
wreck:,wreckwreckwreckwreckother,preserve
constant:,constconstconstconstconst,variable
sob:,sososososo,laugh
freeze:,freefreefreefreefree,melt
defective:,normalnormalnormalnormalnormal,functional
immoral:,moralmoralmoralmoralmoral,moral
bald:,bbbbb,hairy
contract:,contractcontractcontractcontractother,expand
separate:,separseparseparseparsepar,together
strengthen:,strengthstrengthstrengthstrengthstrength,weaken
heterosexual:,hetersexualhomsexualsexual,homosexual
coloured:,whitewhitewhitewhitewhite,monochrome
invalid:,invalidininin,valid
kick:,pbangpbangp,catch
inquiry:,inquinquinquinquother,response
unspecified:,ununununun,specified
static:,staticnoothersother,dynamic
agricultural:,farmfarmfarmfarmfarm,industrial
accustomed:,ununununnot,unaccustomed
heated:,coolcoolcoolcoolcool,cooled
independent:,independentindependentothersother,dependent
surgical:,sursursurss,non-surgical
contraction:,contractcontractcontractcontractcontract,expansion
liberal:,conservativeconservativeliberneutralopp,conservative
arise:,riseriseriseriserise,settle
traitor:,tratratratratra,loyalist
disbelief:,disdisdisdisdis,belief
gritty:,grgrgrgrgr,smooth
absorb:,absorabsorabsorabsorabsor,release
swift:,swswswswother,sluggish
bomb:,bombbombbombbombbomb,disarm
glossy:,glglglglgl,matte
tender:,ttttt,tough
devil:,devevildevevildev,angel
clandestine:,clsecretclsecretcl,overt
patient:,patientpatientpatientpatientpatient,impatient
segregated:,sesesenotse,integrated
covered:,ununununun,exposed
hard:,hardhardhardhardhard,soft
intermittent:,contincontincontininterinter,continuous
sterile:,nonsternonsternon,contaminated
intangible:,inttinttint,tangible
harvest:,harfarmharharhar,planting
incidental:,incincincincinc,essential
hypothetical:,hyphyphyphyphyp,realistic
disappear:,disdisdisdisdis,appear
height:,heightheightheightheightheight,depth
ordinary:,ordinaryordinaryordinaryordinarynormal,extraordinary
immunity:,protectionprotectionprotectionprotectionprotection,susceptibility
confident:,confconfunfun,insecure
experienced:,experexperexperexperexper,inexperienced
wholesale:,whwhwhwhwh,retail
fancy:,fffff,plain
blame:,blblblblbl,praise
oversized:,smallsmallsmallsmallsmall,undersized
finished:,finishedfinishedfinishedfinishedfinished,unfinished
complain:,complcomplcomplcomplcompl,praise
superficial:,deepdeepsuperdeepsuper,deep
lasting:,lastinglastingfunf,temporary
day:,daydaydaydayday,night
halt:,stopstopstopstopstop,proceed
catch:,catchcatchothersnot,release
pass:,passpasspasspasspass,fail
tight:,tighttighttighttightother,loose
fat:,fatfatfatfatfat,thin
rough:,roughroughsroughs,smooth
fresh:,freshfreshfreshfreshother,stale
corrupt:,corcorcorcorcor,honest
elaborate:,complexsimplecomplexothernot,simple
direct:,directdirectdirectdirectdirect,indirect
build:,buildbuildbuildbuildbuild,destroy
nonviolent:,nonviolentnonviolentnon,violent
bulk:,bbbbb,individual
foot:,footfootfootfootfoot,hand
inexpensive:,expensiveexpensiveexpensiveexpensiveexpensive,expensive
reduce:,redredredredred,increase
important:,importantimportantimportantimportantimportant,unimportant
imperfect:,perfectperfectperfectperfectperfect,perfect
unpaid:,unpaidunpaidun,paid
minimal:,minminminminmin,maximal
near:,farfarfarfnear,far
lively:,lllll,dull
king:,thetpfs,queen
viewing:,viewviewviewviewview,ignoring
servicing:,serviceserviceserviceserviceservice,neglecting
landscape:,landlandlandlandland,portrait
volatile:,volvolvolvolvol,stable
obese:,normalnormalnormalnormalnormal,skinny
open:,openopenopenopenopen,closed
wish:,wwwotherw,regret
unfocused:,focusfocusfocusunun,focused
instrumental:,musicinininin,vocal
unhealthy:,healthyhealthyhealthyhealthyhealthy,healthy
comparable:,comcomcomcomcom,incomparable
soft:,hardhardhardsoftother,hard
parallel:,parparparparpar,perpendicular
stiff:,ststststst,flexible
resolution:,resolutionresolutionresolutionresolutionresolution,problem
keen:,ttfpf,apathetic
broken:,brokenbrokenbrokenbrokenbroken,fixed
unwelcome:,ununununun,welcome
incompetent:,incompcompcompcomp,competent
elder:,youngyoungyoungyoungother,younger
debtor:,debdebdebdebdeb,creditor
translucent:,transtranssolidtranstrans,opaque
default:,defaultdefaultdefaultdefaultdefault,customized
dumb:,ddddd,smart
method:,methodmethodothersother,chaos
extra:,extraextraextraextraextra,lacking
lineman:,manmanmanmannot,receiver
widening:,widwidwidwidwid,narrowing
frank:,fffff,evasive
objective:,objectobjectobjectobjectobject,subjective
stern:,ststpothers,lenient
moderate:,moderatemoderatemoderatemoderatemoderate,extreme
divorce:,divmarriagemarriagemarriagemarriage,marriage
small:,smallsmallsmallsmallsmall,large
deep:,deepdeepdeepdeepdeep,shallow
inability:,abilityabilityabilityabilitynot,ability
fluorescent:,flufluflufluflu,incandescent
sounding:,soundsoundsoundsoundsound,silent
publicity:,publicprompublicpublicpublic,privacy
quick:,quickquickquickcnot,slow
sudden:,sssss,gradual
subtle:,subsubsubsubsub,obvious
thin:,thinthinthinthinother,thick
viable:,nonvvunv,unviable
ineligible:,eligibleeligibleeligibleinin,eligible
pollution:,pollpollpollpollpoll,cleanliness
density:,densitydensitydensitydensitydensity,sparsity
historic:,historichistorichistoryhistoryhistory,modern
unfair:,unfairfairunun,fair
shutdown:,shutshutshutshutshut,startup
hire:,hirehirehirehirejob,fire
disclaimer:,notdisdisothers,endorsement
diffuse:,solidsolidsolidsolidsolid,concentrated
power:,powerpowerpowerpowerpower,weakness
fear:,fffff,courage
linger:,stpfother,leave
repair:,repairrepairrepairrepairrepair,damage
bourgeois:,bourbourbourbourbour,proletarian
data:,datadatadatadatadata,information
flexible:,flexflexflexflexflex,rigid
confusion:,confconfconfconfconf,clarity
formal:,formformformformform,informal
evolution:,recreationcreationrecreation,devolution
downstairs:,downupupdowndown,upstairs
tremendous:,ttttt,insignificant
debit:,creditcreditcreditcreditcredit,credit
bogus:,falsefalsefalsefalsefalse,authentic
stuff:,stuffstuffstuffstuffstuff,empty
con:,conconconconcon,pro
subordinate:,subsubsubsubsub,superior
host:,hosthosthosthostother,guest
truthful:,truthtruthtruthtruthtruth,deceptive
full:,fullfullfullfullfull,empty
unlawful:,unlawlawunlaw,lawful
plus:,plusplusnotfother,minus
exclusion:,exexexexex,inclusion
condemn:,condcondcondcondcond,praise
believable:,trueunbelbelbel,unbelievable
crazy:,crazycrazycrazycrazycrazy,sane
appreciation:,appappappappapp,criticism
inactive:,activeactiveactiveactiveactive,active
easy:,easyeasyeasyeasyeasy,hard
disadvantage:,advantadvantadvantadvantadvant,advantage
unlike:,ununununnot,like
subtract:,subsubsubsubsub,add
recreational:,rerererere,professional
glut:,glglglglgl,famine
sunset:,sunsunsunsunsun,sunrise
enable:,disabledisableddisableddisableddisabled,disable
mountainous:,mountmountmountmountmount,flat
remember:,rememberrememberrememberrememberremember,forget
credit:,creditcreditcreditcreditcredit,debit
polite:,polpolpolpolpol,rude
huge:,smallsmallhugehugehuge,tiny
corporate:,corcorcorcorcor,individual
file:,filefilefileothers,delete
inevitable:,ununununnot,avoidable
disagree:,agreeagreeagreedisagree,agree
fifth:,thirdfourththirdthirdthird,first
answer:,answeransweransweranswerother,question
overt:,underinininnot,covert
widen:,wwwwother,narrow
represent:,representrepresentrepresentothers,misrepresent
differ:,diffdiffdiffdiffdiff,similar
order:,orderorderothernotother,chaos
disobedience:,disdisdisdisdis,obedience
experimental:,experexperexperexperexper,traditional
disappointed:,disdisdisdisdis,satisfied
damn:,damdamdamdamdam,bless
distress:,distdistdistdistdist,comfort
interior:,interinterinterinterinter,exterior
action:,actionactionactionactionaction,inaction
hearing:,hehehehehe,deafness
dissent:,doppoppoppopp,consent
efficient:,efficientefficientefficientefficientefficient,inefficient
powdered:,liquidpowderppowderp,solid
north:,southsouthsouthsouthsouth,south
downstream:,downdowndowndowndown,upstream
commonplace:,commoncommoncommoncommoncommon,rare;
married:,marriedmarriedmarriedmarriedmarried,single
youthful:,youngadultyoungadultyoung,elderly
hidden:,hiddenhiddenhiddenotherhidden,visible
renowned:,famousfamousfamousotherf,unknown
decorative:,decdecdecdecdec,plain
judicial:,judicialjudicialjudicialjudicialjudicial,extrajudicial
subconscious:,consciousconsciousconscioussubconscious,conscious
asleep:,sleepsleepsleepsleepsleep,awake
rejection:,rerererenot,acceptance
fuzzy:,fffff,smooth
dissatisfaction:,disdissdisd,satisfaction
flat:,flatflatflatflatflat,curved
armed:,armedarmedarmedarmedarmed,unarmed
partisan:,partisanpartisanpartyoppparty,bipartisan
acquaintance:,acquacquacquacquacqu,stranger
aquatic:,wateraquwateraquwater,terrestrial
mundane:,mundordinarynormalmundnormal,extraordinary
unwillingness:,ununununun,willingness
tolerance:,ttttt,intolerance
incapable:,unununnotun,capable
continue:,continuecontinuecontinuecontinuecontinue,stop
neutral:,neutralneutralneutralneutralneutral,biased
psychic:,psychpsychpsychpsychpsych,non-psychic
ridicule:,ridtfff,praise
sensitive:,sensitivesensitivesensitivesensitivesensitive,insensitive
curl:,ccccc,straight
defensive:,defensedefensedefensedefensedefense,offensive
tart:,ttttt,sweet
exceed:,exexexexnot,fall short
lock:,unlockununun,unlock
garbage:,gargargargargar,cleanliness
freedom:,freedomfreedomfreedomfreedomfreedom,oppression
male:,femalefemalefemalefemalefemale,female
intake:,taketaketaketaketake,target
common:,commoncommoncommoncommoncommon,rare
impartial:,neutralneutralneutralneutralneutral,biased
unusual:,ununununun,usual
survive:,survsurvsurvsurvsurv,perish
opponent:,oppoppoppoppopp,ally
extend:,extextextothers,contract
dull:,dduddudu,bright
federal:,statefstateff,state
noisy:,nonononono,quiet
desperate:,desdesdesdesdes,content;
comparative:,comcomcomcomcom,superlative
peaceful:,peacepeacepeacepeacepeace,violent
homegrown:,homehomehomehomehome,imported
maximum:,maximummaximummaximummaximummaximum,minimum
applaud:,applapplapp,boo
sham:,shshshshsh,genuine
disperse:,disdisdisdisdis,gather
dishonest:,ddtruthtruthtruth,honest
activity:,activityactivityactivityactivityactivity,inactivity
collateral:,collcollcollcollcoll,direct
tread:,ttttt,untread
purchase:,ppppp,sell
intermediate:,interinterinterinterinter,beginner
maximize:,maxmaxmaxmaxmax,minimize
spherical:,spspspspsp,flat
friend:,friendfriendfriendfriendfriend,enemy
disrespect:,respectrespectrespectrespectrespect,respect
exaggeration:,exexexexfalse,understatement
wisdom:,wwwww,foolishness
biological:,bibibibibi,non-biological
nothing:,nothingnothingnothingnothingnothing,everything
popular:,popularpopularpopularpopularpopular,unpopular
angry:,angangsss,happy
differentiate:,differentdifferentdifferentdifferentdifferent,integrate
comfort:,comfortcomfortcomfortcomfortcomfort,discomfort
vested:,vestvestvestvestvest,unvested
significant:,significantsignificantsignificantsignificantsignificant,insignificant
creative:,creatcreatcreatcreatcreat,uncreative
municipal:,citycitycitycitycity,private
pleased:,happyhappyhappyhappyhappy,displeased
beneficial:,benefbenefbenefbenefbenef,harmful
hunter:,hunterhunterhunterhunterf,prey
lose:,lllll,win
presents:,presentpresentpresentpresentpresent,absence
outfield:,fieldfieldfieldfieldfield,infield
inside:,outsideoutsideoutsideothers,outside
regression:,regregregregreg,progression
profit:,profitprofitprofitprofitprofit,loss
peripheral:,perperperperper,central
tricky:,trtnotfother,straightforward
respect:,respectrespectrespectrespectrespect,disrespect
feed:,feedfeedfeedfeedfeed,starve
smart:,smartsmartsmartsmartsmart,dumb
leave:,leaveleaveleaveleaveleave,arrive
skepticism:,sssss,belief
drunk:,drdrdrdrdr,sober
favorable:,fffff,unfavorable
excellent:,goodgoodgoodgoodgood,poor
responsible:,responsibleresponsibleresponsibleresponsibleresponsible,irresponsible
intentional:,intentionintentionintentionintentionintention,accidental
erase:,removeremovererere,write
awful:,awawawawf,wonderful
perfect:,perfectperfectperfectperfectperfect,imperfect
frown:,fsmfff,smile
preferable:,preprepreprepre,undesirable
sufficient:,sufficientsufficientsufficientsufficientnot,insufficient
light:,lightlightlightlightlight,heavy
exterior:,interinterinterexex,interior
offense:,defensedefensedefensedefensedefense,defense
premium:,freestandardfreepremprem,basic
speed:,speedspeedspeedspeedspeed,slowness
impoverished:,poorpoorpoorpoorpoor,wealthy
excited:,excexcexcexcexc,calm
sit:,sitsitotherss,stand
function:,functionfunctionfunctionfunctionfunction,malfunction
waive:,wawawawawa,enforce
fictional:,fffff,real
slim:,sssss,fat
center:,centercentercentercenterother,edge
increase:,increincreincreincreincre,decrease
miraculous:,mirmirmirmirmir,ordinary
ignorant:,ignignignignnot,knowledgeable
exceptional:,exnormalnormalnormalnormal,ordinary
astronomical:,astastastastast,terrestrial
perennial:,perperperperper,annual
radical:,radicalradicalradicalradicalradical,conservative
latter:,lformerlotherl,former
absolute:,relativeabsoluteabsoluteabsoluteabsolute,relative
moot:,mmmmm,debatable
eliminate:,removeremoveremoveremoveremove,create
paste:,pastepastepastepasteother,cut
cement:,metalsteelmetalmetalmetal,sand
realistic:,realrealrealrealreal,fantastic
tough:,ttttt,easy
suck:,sssss,blow
understatement:,undertruthtruthtruthtruth,exaggeration
begin:,beginothersothers,end
less:,notunfotherun,more
rational:,rationalrationalrationalrationalrational,irrational
irresponsible:,responsibleunresponsibleunun,responsible
odd:,oddoddoddoddother,even
disapprove:,disdisdisdisdis,approve
progressive:,propropropropro,regressive
redeem:,redredredredred,condemn
known:,unknownunknownunknownunknownunknown,unknown
binary:,binarybinarybinarybinarybinary,analog
oust:,pfttother,install
probable:,propropropropro,improbable
cooling:,coolcoolcoolcoolcool,heating
recall:,recrecrecrecrec,forget
disorderly:,disdisdisdisdis,orderly
meat:,meatmeatmeatmeatmeat,vegetables
import:,fnormalfothers,export
encrypt:,encencencencenc,decrypt
wasteful:,wwwww,efficient
wellness:,healthhealthhealthhealthhealth,illness
separation:,separseparseparseparsepar,union
husband:,husbandhusbandhusbandhusbandhusband,wife
incorrect:,wrongcorrectcorrectwrongwrong,correct
hopeful:,hophophophophop,despairing
annoy:,noannannss,please
balance:,balancebalancebalancebalancebalance,imbalance
interrupt:,interinterinterinterinter,continue
delay:,delaydelaydelaydelaydelay,advance
infantry:,armsoldarmsoldsold,cavalry
empty:,emptyemptyemptyemptyempty,full
strengthening:,strengthstrengthstrengthstrengthstrength,weakening
persistent:,persperspersperspers,fleeting
volcanic:,volvolvolvolvol,non-volcanic
cooperate:,cococococo,compete
microscopic:,micromicromicromicromicro,macroscopic
resent:,rerererenot,cherish
heavy:,lightlightlightlightlight,light
student:,studentstudentstudentstudentstudent,teacher
rare:,commoncommoncommoncommoncommon,common
target:,targettargettargettargettarget,input
mad:,madmadmadmadmad,sane
living:,livinglivinglivinglivingliving,dead
blunt:,blblblblbl,sharp
run:,runrunrunrunrun,walk
captive:,captcaptcaptcaptcapt,free
outside:,insideinsideoutsideoutsideother,inside
colonial:,colonialcolonialcolonialcolonialcon,modern
deny:,dendendendennot,confirm
consistency:,consconsconsconscons,inconsistency
withstand:,withstandtnotf,succumb
tragic:,trtftrt,comic
complicate:,complexcomplexcomplexcomplexcomplex,simplify
reformed:,rerererere,corrupt
disembark:,disdisdisdisdis,embark
adulthood:,adultadultadultadultadult,childhood
southeast:,southsouthsouthsouthsouth,northwest
mild:,moderateseveremnormalm,severe
delicate:,sensitivetfff,sturdy
contradictory:,oppoppoppoppopp,complementary
emotional:,ememememem,unemotional
ask:,asknotsothers,answer
relative:,relativerelativerelativerelativerelative,absolute
rural:,urbanurbanurbanurbanurban,urban
drop:,dropdropdropdropdrop,pick up
convict:,convconvconvconvconv,acquit
unacceptable:,unacceptableunacceptableun,acceptable
comedy:,comcomcomcomcom,tragedy
deter:,ddddnot,encourage
unified:,ununununun,divided
faint:,fffff,loud
false:,falsefalsefalsefalsefalse,true
intended:,unintentionunintentionun,unintended
extinct:,extdeaddeaddeaddead,alive
dispute:,disdisdisdisdis,agreement
lazy:,lllll,active
marked:,markedmarkedmarkedunun,unmarked
gross:,grossgrossgrossgrossgross,delicious
predatory:,predpredpredpredpred,preyful
shortage:,shortshortshortshortshort,surplus
exhaustive:,exexexexnot,brief
welcome:,wwwww,unwelcome
nominal:,nomnomnomnomnom,real
dismissive:,ddddnot,attentive
acquire:,acquacquacquacquacqu,lose
protective:,protprotprotprotprot,neglectful
periodic:,periodperiodperiodperiodperiod,aperiodic
necessity:,necessnecessnecessnecessnecess,luxury
frivolous:,fffff,serious
orthodoxy:,orthodoxorthodoxorthodoxorthodoxopp,heterodoxy
outward:,forwardoutforwardoutf,inward
difficulty:,diffdiffdiffdiffdiff,ease
vegetable:,foodfoodfoodfoodfood,meat
last:,lastfirstlastotherother,first
fold:,foldfoldfoldffold,unfold
extremist:,extremeextremeextremeextremeextreme,moderate
confidential:,secretsecretsecretsecretsecret,public
original:,originaloriginaloriginaloriginaloriginal,copy
topical:,toptoptoptoptop,nontopical
nonprofit:,nonprofitnonprofitnon,for-profit
lift:,liftliftliftliftlift,drop
futures:,fffff,pasts
asset:,assassassassnot,liability
insert:,insertinsertinsertinsertinsert,remove
wooden:,woodwoodwoodwoodwood,metallic
worst:,worstworstworstworstworst,best
sluggish:,slslslslsl,energetic
brown:,whitewhitewhitewhitewhite,white
capitalist:,capitalistcapitalistcapitalcapitalcapital,socialist
accept:,acceptacceptacceptacceptaccept,reject
cash:,moneymoneymoneymoneymoney,credit
more:,moremoremoremoremore,less
ethnic:,ethnicethnicethnicethnicethnic,non-ethnic
wealth:,wealthwealthwealthwealthwealth,poverty
stable:,stablestablestablestablestable,unstable
communal:,communitycommunitycommunitycommunitycommunity,individualistic
spectral:,spectspectspectspectspect,nonspectral
isolated:,isolisolisolisolisol,connected
ugly:,ugugugugug,beautiful
unsuccessful:,failedunsuccessfulunsuccessful,successful
buy:,buybuybuybuybuy,sell
restricted:,restrictedrestrictedrestrictedrestrictedrestricted,unrestricted
child:,childchildchildchildchild,adult
insecurity:,securitysecuritysecuritysecuritysecurity,security
commercial:,commercialcommercialcommercialcommercialcommercial,residential
manage:,manmanmanmannot,struggle
fit:,fitfitfitfitother,unfit
visionary:,visionvisionvisionvisionvision,practical
retail:,retretretretret,wholesale
goofy:,gogogogogo,serious
exact:,exexexexnot,approximate
block:,blockblockblockblockblock,unblock
integrate:,integinteginteginteginteg,differentiate
rise:,riseriseriseriserise,fall
connected:,connectedconnectedconnectedconnectedconnected,disconnected
unification:,ununununun,separation
let:,truenotothersnot,prevent
intolerance:,ttttt,tolerance
failure:,failfailfailfailfail,success
enjoy:,lovejoyjoyjoyjoy,dislike
outdoor:,indindoutoutout,indoor
revive:,rerevrevrevrev,expire
inclined:,ininininnot,level
gloomy:,gldarkgldarkgl,cheerful
competent:,compcompcompcompcomp,incompetent
dysfunctional:,normalnormalnormalnormalnormal,functional
half:,halfhalfhalfhalfhalf,full
act:,actactactactact,react
appropriate:,appropriateappropriateappropriateappropriateappropriate,inappropriate
diagonal:,dididididi,straight
nasty:,nnnnn,nice
unwilling:,ununununun,willing
innocence:,inninninninninn,guilt
cooperation:,cocococonot,competition
stop:,stopstopstopstopstop,go
annual:,yearmonthyearmonthyear,perennial
blindness:,blindblindblindblindblind,sight
secure:,securesecuresecuresecuresecure,insecure
hopeless:,hophophophophop,hopeful
doubt:,ddddd,certainty
succumb:,failfailfailfailfail,resist
acute:,acacacacac,chronic
triple:,doubledoubledoubledoubledouble,single
abnormal:,normalnormalnormalnormalnormal,normal
muff:,mmmmm,sharp
constitutional:,constitutionalconstitutionalconstitutionalothernot,unconstitutional
lie:,lielielielielie,truth
rest:,restrestrestrestrest,work
reasonable:,reasonablereasonunreasonreason,unreasonable
magical:,magicmagicmagicmagicmagic,mundane
truth:,truthtruthtruthtruthtruth,lie
succeed:,failfailfailfailfail,fail
vary:,vunnotothers,remain constant
ability:,functionabilityabilityabilityf,inability
bored:,bbbbb,interested
aerial:,aeraeraeraeraer,grounded
spread:,spreadspreadspreadspreadother,gather
deliberate:,deldeldeldeldel,impulsive
slender:,slslslslsl,plump
mode:,modemodemodeothernormal,median
difference:,diffdiffdiffdiffdiff,similarity
analytical:,analyanalyanalyanalyanaly,intuitive
moral:,moralmoralmoralmoralmoral,immoral
deduction:,deddeddeddedded,induction
internal:,externalexternalinternalothernot,external
obligatory:,oboptionaloptionalnotob,optional
presence:,presprespresprespres,absence
replication:,replreplreplreplrepl,original
nervous:,nnfnf,calm
rotten:,rororonotro,fresh
pray:,prprprprpr,blaspheme
criminal:,criminalcriminalcriminalcriminalcriminal,law-abiding citizen
retrospective:,retprorerere,prospective
ascent:,ascentdownasopp,descent
tense:,ttttt,relaxed
partial:,partialpartialpartialothers,complete
unfamiliar:,ununununun,familiar
healthy:,healthyhealthyhealthyhealthyhealthy,unhealthy
far:,farfarfarfarfar,near
commencement:,gradcommgradgradcomm,termination
normative:,normnormalnormalnormalnormal,deviant
reduced:,redredredredred,increased
consent:,consconsconsconscons,dissent
chill:,chchchchch,heat
childish:,childchildchildchildchild,mature
luxurious:,luxluxluxluxlux,basic
poor:,poorpoorpoorpoorpoor,rich
unofficial:,ununununun,official
know:,knowknowknowknownot,ignore
cheerful:,happyhappyhappyhappyhappy,gloomy
bust:,bbbbb,boom
virtuous:,virtvirtvirtvirtvirt,sinful
push:,pushpushpushpushpush,pull
early:,latelatelateothers,late
paid:,paidpaidpaidpaidpaid,unpaid
issue:,issueissueissuenotissue,solution
poverty:,wealthwealthwealthmoneymoney,wealth
valuable:,valuevaluevaluevaluevalue,worthless
good:,goodgoodgoodgoodgood,bad
reassure:,rererenotre,worry
lyric:,lflfl,instrumental
bears:,cbcbc,cubs
grandson:,grandgrandgrandgrandgrand,grandmother
dress:,dressdressdressdressdress,undress
health:,healthhealthhealthhealthhealth,disease
transgress:,transtranstranstranstrans,comply
expose:,exexexexnot,conceal
savage:,sssss,civilized
barrel:,barbarbarbarbar,cylinder
growth:,growthgrowthgrowthgrowthgrowth,decline
rocky:,rockrockrockrockrock,smooth
break:,breakbreakothersother,fix
stranger:,strstrstrstrstr,familiar
lights:,lightlightlightlightlight,shadows
prosperous:,propropropropro,impoverished
prolonged:,propropropropro,short-lived
anti:,antiantiantiantianti,pro
ease:,tfttother,difficulty
circumference:,circcirccirccirccirc,diameter
tame:,ttttt,wild
cubic:,ccccc,spherical
free:,freefreefreefreefree,expensive
artificial:,artnaturalartartart,natural
prominent:,prompromprompromprom,obscure
supporter:,supportsupportsupportsupportsupport,opponent
untrue:,falsefalsefalsefalsefalse,true
descent:,descdescdescdescdesc,ascent
playful:,playplayplayplayplay,serious
mental:,mentalmentalmentalmentalmental,physical
metaphysical:,metphysicalmetmetmet,physical
cosmic:,coscoscoscosother,terrestrial
graduating:,gradgradgradgradgrad,enrolling
father:,fatherfatherfatherfatherfather,mother
upstairs:,downdowndowndownup,downstairs
bless:,bbbbb,curse
fate:,fffff,free will
despair:,desdesdesdesdes,hope
analogue:,digitaldigitalananan,digital
mobile:,mobilemobilemobilemobilemobile,stationary
prohibit:,propropropropro,allow
modern:,modernmodernmodernmodernmodern,traditional
usual:,normalnormalnormalnormalnormal,unusual
amplify:,amamamamnot,diminish
lifelong:,lifliflifliflif,temporary
assembly:,assemblyothersothers,disassembly
hate:,lovelovelovelovelove,love
eligible:,eligibleeligibleeligibleeligibleeligible,ineligible
imprison:,prisonprisonprisonprisonprison,free
ending:,reendingrerere,beginning
uphold:,rerererenot,undermine
temporary:,tempertemtemtem,permanent
unfavorable:,unfununun,favorable
outset:,outfrontoutoutf,conclusion
sure:,surenosurenoother,unsure
doubtful:,ddddnot,certain
confused:,confconfconfconfconf,clear-minded
dismiss:,ddddnot,appoint
believe:,belbelbelbelbel,doubt
triumph:,tritttt,defeat
rude:,rrsss,polite
public:,privatepublicprivatenotpublic,private
adjust:,adjustadjustadjustadjustadjust,maintain
ineffective:,effecteffecteffecteffecteffect,effective
vacant:,emptyemptyemptyemptyempty,occupied
copy:,copycopycopycopycopy,original
blur:,blblblblbl,sharp
guilt:,gugugugugu,innocence
wild:,wildwildwildwildwild,tame
paternal:,pchildppp,maternal
shut:,shutshutshutshutshut,open
intelligence:,intelligenceintelligenceintelligenceintelligenceintelligence,ignorance
chaotic:,randomnormalnormalnormalnormal,orderly
consumer:,consumerconsumerconsumerconsumerconsumer,producer
imitate:,fffff,originate
enemy:,enemyenemyenemyenemyenemy,friend
aware:,awareawareawareawarenot,unaware
unaware:,unawareununun,aware
low:,highhighhighlowlow,high
disability:,disableddisableddisableddisableddisabled,ability
refrain:,rerererenot,indulge
contingency:,contcontcontcontcont,certainty
mind:,mindmindmindmindmind,body
centralized:,centralcentralcentralcentralcentral,decentralized
stretch:,ststststst,shrink
deficient:,normalnormalnormalnormalnormal,abundant
equipped:,equippedequippedequippedothernot,unequipped
ancient:,modernmodernmodernmodernother,modern
dominant:,domdomdomdomdom,submissive
can:,cancancancancan,cannot
goodness:,goodbadbadgoodgood,evil
absence:,absabsabsabsabs,presence
weakening:,strengthstrengthstrengthstrengthstrength,strengthening
impede:,inoppoppoppopp,facilitate
confusing:,confconfconfconfconf,clear
virtue:,virtvirtvirtvirtvirt,vice
fair:,fairfairfairfairfair,unfair
unique:,uniqueuniqueuniqueothernot,common
miss:,missmissmissmissmiss,hit
indoor:,indindindindind,outdoor
intimate:,intintintintint,distant
shrink:,shrshrshrshrshr,expand
bravery:,brastrengthstrengthstrengthstrength,cowardice
